Year,Holiday,Date
2014,New Year's Day,01-01-2014
2014,Martin Luther King Jr. Day,20-01-2014
2014,Washington's Birthday,17-02-2014
2014,Memorial Day,26-05-2014
2014,Independence Day,04-07-2014
2014,Labor Day,01-09-2014
2014,Columbus Day,13-10-2014
2014,Veterans Day,11-11-2014
2014,Thanksgiving Day,27-11-2014
2014,Christmas Day,25-12-2014
2015,New Year's Day,01-01-2015
2015,Martin Luther King Jr. Day,19-01-2015
2015,Washington's Birthday,16-02-2015
2015,Memorial Day,25-05-2015
2015,Independence Day' Day off,03-07-2015
2015,Independence Day,04-07-2015
2015,Labor Day,07-09-2015
2015,Columbus Day,12-10-2015
2015,Veterans Day,11-11-2015
2015,Thanksgiving Day,26-11-2015
2015,Christmas Day,25-12-2015
2016,New Year's Day,01-01-2016
2016,Martin Luther King Jr. Day,18-01-2016
2016,Washington's Birthday,15-02-2016
2016,Memorial Day,30-05-2016
2016,Independence Day,04-07-2016
2016,Labor Day,05-09-2016
2016,Columbus Day,10-10-2016
2016,Veterans Day,11-11-2016
2016,Thanksgiving Day,24-11-2016
2016,Christmas Day,25-12-2016
2016,Christmas Day' Day off,26-12-2016
2017,New Year's Day,01-01-2017
2017,New Year's Day' Day off,02-01-2017
2017,Martin Luther King Jr. Day,16-01-2017
2017,"Inaugiration day (DC,MD,VA(partly))",20-01-2017
2017,Washington's Birthday,20-02-2017
2017,Memorial Day,29-05-2017
2017,Independence Day,04-07-2017
2017,Labor Day,04-09-2017
2017,Columbus Day,09-10-2017
2017,Veterans Day'Day Off,10-11-2017
2017,Veterans Day,11-11-2017
2017,Christmas Day,23-11-2017
2017,New Year's Day,25-12-2017
2018,New Year's Day,01-01-2018
2018,Martin Luther King Jr. Day,15-01-2018
2018,Washington's Birthday,19-02-2018
2018,Memorial Day,28-05-2018
2018,Independence Day,04-07-2018
2018,Labor Day,03-09-2018
2018,Columbus Day,08-10-2018
2018,Veterans Day,11-11-2018
2018,Veterans Day' Day off,12-11-2018
2018,Thanksgiving Day,22-11-2018
2018,Christmas Day' Day off,24-11-2018
2018,Christmas Day,25-11-2018
